,Source,Destination,ConversionFactor
0,متر(m),متر(m),1.0
1,سانتیمتر(cm),متر(m),0.01
2,اینچ(inch),متر(m),0.0254
3,میلیمتر(mm),متر(m),0.001
4,فوت(پا-فیت-foot-feet),متر(m),0.3048
5,کیلومتر(km),متر(m),1000.0
6,مایل(mile),متر(m),1609.344
7,یارد(yard),متر(m),0.9144
8,مایلدریایی(nauticalmile),متر(m),1852.0
9,دسیمتر(dm),متر(m),0.1
10,میکرون(micron),متر(m),1e-06
11,میکرومتر(μm),متر(m),1e-06
12,نانومتر(nm),متر(m),1e-09
13,آنگستروم(Angstrom),متر(m),1e-10
14,پیکومتر(pm),متر(m),1e-12
15,فمتومتر,متر(m),1e-15
16,ذرع,متر(m),1.04
17,گز,متر(m),1.04
18,وجب,متر(m),0.225
19,فرسنگ(فرسخ),متر(m),6240.0
20,فرسنگشرعی(فرسخشرعی),متر(m),5366.4
21,فاتوم(ftm),متر(m),1.8288
22,زنجیر(chain),متر(m),20.1168
23,فرلانگ(fur),متر(m),201.168
24,میل(ثو),متر(m),2.54e-05
25,xu,متر(m),1.0021e-13
26,سالنوری(lightyear),متر(m),9460730472580800.0
27,ثانیهنوری(lightsecond),متر(m),299792458.0
28,واحدنجومی(au),متر(m),149597870700.0
29,پارسک(pc),متر(m),3.08567758149137e+16
30,شعاعخورشیدی(solarradius),متر(m),695700000.0
31,متر(m),متر(m),1.0
32,سانتیمتر(cm),متر(m),0.01
33,اینچ(inch),متر(m),0.0254
34,میلیمتر(mm),متر(m),0.001
35,فوت(پا-فیت-foot-feet),متر(m),0.3048
36,کیلومتر(km),متر(m),1000.0
37,مایل(mile),متر(m),1609.344
38,یارد(yard),متر(m),0.9144
39,مایلدریایی(nauticalmile),متر(m),1852.0
40,دسیمتر(dm),متر(m),0.1
41,میکرون(micron),متر(m),1e-06
42,میکرومتر(μm),متر(m),1e-06
43,نانومتر(nm),متر(m),1e-09
44,آنگستروم(Angstrom),متر(m),1e-10
45,پیکومتر(pm),متر(m),1e-12
46,فمتومتر,متر(m),1e-15
47,ذرع,متر(m),1.04
48,گز,متر(m),1.04
49,وجب,متر(m),0.225
50,فرسنگ(فرسخ),متر(m),6240.0
51,فرسنگشرعی(فرسخشرعی),متر(m),5366.4
52,فاتوم(ftm),متر(m),1.8288
53,زنجیر(chain),متر(m),20.1168
54,فرلانگ(fur),متر(m),201.168
55,میل(ثو),متر(m),2.54e-05
56,xu,متر(m),1.0021e-13
57,سالنوری(lightyear),متر(m),9460730472580800.0
58,ثانیهنوری(lightsecond),متر(m),299792458.0
59,واحدنجومی(au),متر(m),149597870700.0
60,پارسک(pc),متر(m),3.08567758149137e+16
61,شعاعخورشیدی(solarradius),متر(m),695700000.0
62,تن(Ton),تن(Ton),1.0
63,کیلوگرم(kg),تن(Ton),0.001
64,پوند(lb),تن(Ton),0.00045359237
65,گرم(g),تن(Ton),1e-06
66,میلیگرم(mg),تن(Ton),1e-09
67,میکروگرم(μg),تن(Ton),1e-12
68,اونسمعمولی(oz),تن(Ton),2.8349523125e-05
69,اونستروا(تروی)(ozt),تن(Ton),3.11034768e-05
70,اسلاگ(slug),تن(Ton),0.014593903
71,نیوتن,تن(Ton),0.00010197162129779284
72,کیلونیوتن,تن(Ton),0.10197162129779284
73,قیراط(carat),تن(Ton),2e-07
74,مثقال,تن(Ton),4.608e-06
75,سیر,تن(Ton),7.5e-05
76,چارک,تن(Ton),0.00075
77,سوت,تن(Ton),1e-09
78,گندم,تن(Ton),4.8e-08
79,نخود,تن(Ton),1.92e-07
80,خروار,تن(Ton),0.3
81,مناصفهان,تن(Ton),0.006
82,منری,تن(Ton),0.012
83,منتبریز,تن(Ton),0.003
84,منلرستان,تن(Ton),0.01
85,تن(Ton),تن(Ton),1.0
86,کیلوگرم(kg),تن(Ton),0.001
87,پوند(lb),تن(Ton),0.00045359237
88,گرم(g),تن(Ton),1e-06
89,میلیگرم(mg),تن(Ton),1e-09
90,میکروگرم(μg),تن(Ton),1e-12
91,اونسمعمولی(oz),تن(Ton),2.8349523125e-05
92,اونستروا(تروی)(ozt),تن(Ton),3.11034768e-05
93,اسلاگ(slug),تن(Ton),0.014593903
94,نیوتن,تن(Ton),0.00010197162129779284
95,کیلونیوتن,تن(Ton),0.10197162129779284
96,قیراط(carat),تن(Ton),2e-07
97,مثقال,تن(Ton),4.608e-06
98,سیر,تن(Ton),7.5e-05
99,چارک,تن(Ton),0.00075
100,سوت,تن(Ton),1e-09
101,گندم,تن(Ton),4.8e-08
102,نخود,تن(Ton),1.92e-07
103,خروار,تن(Ton),0.3
104,مناصفهان,تن(Ton),0.006
105,منری,تن(Ton),0.012
106,منتبریز,تن(Ton),0.003
107,منلرستان,تن(Ton),0.01
108,پاسکال(pa),پاسکال(pa),1.0
109,بار(bar),پاسکال(pa),100000.0
110,پیاسآی(psi),پاسکال(pa),6894.7572931
111,کیلوپاسکال(kpa),پاسکال(pa),1000.0
112,مگاپاسکال(Mpa),پاسکال(pa),1000000.0
113,گیگاپاسکال(Gpa),پاسکال(pa),1000000000.0
114,میلیبار(mbar),پاسکال(pa),100.0
115,باری(barye),پاسکال(pa),0.1
116,اتمسفر(atm),پاسکال(pa),101325.0
117,تور(Torr),پاسکال(pa),133.322368421053
118,میلیمترجیوه(mmHg),پاسکال(pa),133.322387415
119,سانتیمترجیوه(cmHg),پاسکال(pa),1333.22387415
120,اینچجیوه(inHg),پاسکال(pa),3386.388640341
121,فوتجیوه(fHg),پاسکال(pa),40636.66368409
122,میلیمترآب(mmH2o),پاسکال(pa),9.80665
123,سانتیمترآب(cmH2o),پاسکال(pa),98.0665
124,اینچآب(inH2o),پاسکال(pa),249.08891
125,فوتآب(fH2o),پاسکال(pa),2989.06692
126,مترآب(mH2o),پاسکال(pa),9806.65
127,اتمسفرفنی(at),پاسکال(pa),98066.5
128,پوندبراینچمربع(psi),پاسکال(pa),6894.8
129,پوندبرفوتمربع(psf),پاسکال(pa),47.88026
130,پوندالبرفوتمربع(pdl.sf),پاسکال(pa),1.488464
131,نیوتنبرمترمربع,پاسکال(pa),1.0
132,نیوتنبرسانتیمترمربع,پاسکال(pa),10000.0
133,نیوتنبرمیلیمترمربع,پاسکال(pa),1000000.0
134,کیلونیوتنبرمترمربع,پاسکال(pa),1000.0
135,کیلونیوتنبرسانتیمترمربع,پاسکال(pa),10000000.0
136,کیلونیوتنبرمیلیمترمربع,پاسکال(pa),1000000000.0
137,کیلوگرمبرمترمربع,پاسکال(pa),9.80665
138,کیلوگرمبرسانتیمترمربع,پاسکال(pa),98066.5
139,کیلوگرمبرمیلیمترمربع,پاسکال(pa),9806650.0
140,گرمبرمترمربع,پاسکال(pa),0.00980665
141,گرمبرسانتیمترمربع,پاسکال(pa),98.06649999999999
142,گرمبرمیلیمترمربع,پاسکال(pa),806.65
143,تنبرمترمربع,پاسکال(pa),9806.65
144,پاسکال(pa),پاسکال(pa),1.0
145,بار(bar),پاسکال(pa),100000.0
146,پیاسآی(psi),پاسکال(pa),6894.7572931
147,کیلوپاسکال(kpa),پاسکال(pa),1000.0
148,مگاپاسکال(Mpa),پاسکال(pa),1000000.0
149,گیگاپاسکال(Gpa),پاسکال(pa),1000000000.0
150,میلیبار(mbar),پاسکال(pa),100.0
151,باری(barye),پاسکال(pa),0.1
152,اتمسفر(atm),پاسکال(pa),101325.0
153,تور(Torr),پاسکال(pa),133.322368421053
154,میلیمترجیوه(mmHg),پاسکال(pa),133.322387415
155,سانتیمترجیوه(cmHg),پاسکال(pa),1333.22387415
156,اینچجیوه(inHg),پاسکال(pa),3386.388640341
157,فوتجیوه(fHg),پاسکال(pa),40636.66368409
158,میلیمترآب(mmH2o),پاسکال(pa),9.80665
159,سانتیمترآب(cmH2o),پاسکال(pa),98.0665
160,اینچآب(inH2o),پاسکال(pa),249.08891
161,فوتآب(fH2o),پاسکال(pa),2989.06692
162,مترآب(mH2o),پاسکال(pa),9806.65
163,اتمسفرفنی(at),پاسکال(pa),98066.5
164,پوندبراینچمربع(psi),پاسکال(pa),6894.8
165,پوندبرفوتمربع(psf),پاسکال(pa),47.88026
166,پوندالبرفوتمربع(pdl.sf),پاسکال(pa),1.488464
167,نیوتنبرمترمربع,پاسکال(pa),1.0
168,نیوتنبرسانتیمترمربع,پاسکال(pa),10000.0
169,نیوتنبرمیلیمترمربع,پاسکال(pa),1000000.0
170,کیلونیوتنبرمترمربع,پاسکال(pa),1000.0
171,کیلونیوتنبرسانتیمترمربع,پاسکال(pa),10000000.0
172,کیلونیوتنبرمیلیمترمربع,پاسکال(pa),1000000000.0
173,کیلوگرمبرمترمربع,پاسکال(pa),9.80665
174,کیلوگرمبرسانتیمترمربع,پاسکال(pa),98066.5
175,کیلوگرمبرمیلیمترمربع,پاسکال(pa),9806650.0
176,گرمبرمترمربع,پاسکال(pa),0.00980665
177,گرمبرسانتیمترمربع,پاسکال(pa),98.06649999999999
178,گرمبرمیلیمترمربع,پاسکال(pa),806.65
179,تنبرمترمربع,پاسکال(pa),9806.65
180,لیتر(L),لیتر(L),1.0
181,میلیلیتر(mL),لیتر(L),0.001
182,مترمکعب,لیتر(L),1000.0
183,سانتیمترمکعب,لیتر(L),0.001
184,سیسی(cc),لیتر(L),0.001
185,میلیمترمکعب,لیتر(L),1e-06
186,فوتمکعب,لیتر(L),28.316846592
187,گالنآمریکایی(gal-us),لیتر(L),3.785411784
188,گالنانگلیسی(gal-uk),لیتر(L),4.54609
189,دسیمترمکعب,لیتر(L),1.0
190,اینچمکعب,لیتر(L),0.016387064
191,یاردمکعب,لیتر(L),764.554857984
192,بشکه-نفتآمریکایی(us-barrel),لیتر(L),158.987294928
193,لیتر(L),لیتر(L),1.0
194,میلیلیتر(mL),لیتر(L),0.001
195,مترمکعب,لیتر(L),1000.0
196,سانتیمترمکعب,لیتر(L),0.001
197,سیسی(cc),لیتر(L),0.001
198,میلیمترمکعب,لیتر(L),1e-06
199,فوتمکعب,لیتر(L),28.316846592
200,گالنآمریکایی(gal-us),لیتر(L),3.785411784
201,گالنانگلیسی(gal-uk),لیتر(L),4.54609
202,دسیمترمکعب,لیتر(L),1.0
203,اینچمکعب,لیتر(L),0.016387064
204,یاردمکعب,لیتر(L),764.554857984
205,بشکه-نفتآمریکایی(us-barrel),لیتر(L),158.987294928
206,سانتیگراد(C),سانتیگراد(C),1.0
207,فارنهایت(F),سانتیگراد(C),-17.22222222
208,کلوین(K),سانتیگراد(C),-272.15
209,رانکین(R),سانتیگراد(C),-272.59444444
210,سانتیگراد(C),سانتیگراد(C),1.0
211,فارنهایت(F),سانتیگراد(C),-17.22222222
212,کلوین(K),سانتیگراد(C),-272.15
213,رانکین(R),سانتیگراد(C),-272.59444444
214,مترمربع,مترمربع,1.0
215,سانتیمترمربع,مترمربع,0.0001
216,میلیمترمربع,مترمربع,1e-06
217,کیلومترمربع,مترمربع,1000000.0
218,فوتمربع,مترمربع,0.09290304
219,اینچمربع,مترمربع,0.00064516
220,مایلمربع,مترمربع,2589988.110336
221,یاردمربع,مترمربع,0.83612736
222,هکتار,مترمربع,10000.0
223,جریب(acre),مترمربع,4046.8564224
224,مترمربع,مترمربع,1.0
225,سانتیمترمربع,مترمربع,0.0001
226,میلیمترمربع,مترمربع,1e-06
227,کیلومترمربع,مترمربع,1000000.0
228,فوتمربع,مترمربع,0.09290304
229,اینچمربع,مترمربع,0.00064516
230,مایلمربع,مترمربع,2589988.110336
231,یاردمربع,مترمربع,0.83612736
232,هکتار,مترمربع,10000.0
233,جریب(acre),مترمربع,4046.8564224
234,متربرثانیه(m/s),متربرثانیه(m/s),1.0
235,فوتبرثانیه(fps),متربرثانیه(m/s),0.304799999536704
236,کیلومتربرساعت(km/h),متربرثانیه(m/s),0.2777777777777778
237,مایلبرساعت(mph),متربرثانیه(m/s),0.4470388888888889
238,ماخ(درسطحدریا)(M),متربرثانیه(m/s),340.277
239,ماخ(ارتفاع12کیلومتریسطحزمین)(M),متربرثانیه(m/s),295.0
240,گره(knot),متربرثانیه(m/s),0.5144444444444445
241,کیلومتربرثانیه(km/s),متربرثانیه(m/s),1000.0
242,مایلبرثانیه(mps),متربرثانیه(m/s),1609.34
243,متربردقیقه(m/min),متربرثانیه(m/s),0.016666666666666666
244,متربرساعت(m/h),متربرثانیه(m/s),0.0002777777777777778
245,کیلومتربردقیقه(km/min),متربرثانیه(m/s),16.666666666666668
246,مایلبردقیقه(mpm),متربرثانیه(m/s),26.822333333333333
247,فوتبردقیقه(fpm),متربرثانیه(m/s),0.0050799999922784
248,فوتبرساعت(fph),متربرثانیه(m/s),8.466666653797333e-05
249,اینچبرثانیه(ips),متربرثانیه(m/s),0.0254
250,اینچبردقیقه(ipm),متربرثانیه(m/s),0.0004233333
251,اینچبرساعت(iph),متربرثانیه(m/s),7.0555555e-06
252,سانتیمتربرثانیه(cm/s),متربرثانیه(m/s),0.01
253,سانتیمتربردقیقه(cm/min),متربرثانیه(m/s),0.00016666666666666666
254,سانتیمتربرساعت(cm/h),متربرثانیه(m/s),2.777777777777778e-06
255,متربرثانیه(m/s),متربرثانیه(m/s),1.0
256,فوتبرثانیه(fps),متربرثانیه(m/s),0.304799999536704
257,کیلومتربرساعت(km/h),متربرثانیه(m/s),0.2777777777777778
258,مایلبرساعت(mph),متربرثانیه(m/s),0.4470388888888889
259,ماخ(درسطحدریا)(M),متربرثانیه(m/s),340.277
260,ماخ(ارتفاع12کیلومتریسطحزمین)(M),متربرثانیه(m/s),295.0
261,گره(knot),متربرثانیه(m/s),0.5144444444444445
262,کیلومتربرثانیه(km/s),متربرثانیه(m/s),1000.0
263,مایلبرثانیه(mps),متربرثانیه(m/s),1609.34
264,متربردقیقه(m/min),متربرثانیه(m/s),0.016666666666666666
265,متربرساعت(m/h),متربرثانیه(m/s),0.0002777777777777778
266,کیلومتربردقیقه(km/min),متربرثانیه(m/s),16.666666666666668
267,مایلبردقیقه(mpm),متربرثانیه(m/s),26.822333333333333
268,فوتبردقیقه(fpm),متربرثانیه(m/s),0.0050799999922784
269,فوتبرساعت(fph),متربرثانیه(m/s),8.466666653797333e-05
270,اینچبرثانیه(ips),متربرثانیه(m/s),0.0254
271,اینچبردقیقه(ipm),متربرثانیه(m/s),0.0004233333
272,اینچبرساعت(iph),متربرثانیه(m/s),7.0555555e-06
273,سانتیمتربرثانیه(cm/s),متربرثانیه(m/s),0.01
274,سانتیمتربردقیقه(cm/min),متربرثانیه(m/s),0.00016666666666666666
275,سانتیمتربرساعت(cm/h),متربرثانیه(m/s),2.777777777777778e-06
276,نیوتن(N),نیوتن(N),1.0
277,گرم-نیرو(gf),نیوتن(N),0.00980665
278,کیلوگرم-نیرو(kgf),نیوتن(N),9.80665
279,پوند-نیرو(lbf),نیوتن(N),4.448221618990737
280,اونس-نیرو(ozf),نیوتن(N),0.2780138509504742
281,دین(dyn),نیوتن(N),1e-05
282,پوندال(pdl),نیوتن(N),0.138254954376
283,کیلوپوند(kp),نیوتن(N),9.80665
284,نیوتن(N),نیوتن(N),1.0
285,گرم-نیرو(gf),نیوتن(N),0.00980665
286,کیلوگرم-نیرو(kgf),نیوتن(N),9.80665
287,پوند-نیرو(lbf),نیوتن(N),4.448221618990737
288,اونس-نیرو(ozf),نیوتن(N),0.2780138509504742
289,دین(dyn),نیوتن(N),1e-05
290,پوندال(pdl),نیوتن(N),0.138254954376
291,کیلوپوند(kp),نیوتن(N),9.80665
292,ژول(j),ژول(j),1.0
293,میلیژول(mj),ژول(j),0.001
294,میکروژول(μj),ژول(j),1e-06
295,کیلوژول(kj),ژول(j),1000.0
296,مگاژول(Mj),ژول(j),1000000.0
297,گیگاژول(Gj),ژول(j),1000000000.0
298,میلیواتساعت(mW.h),ژول(j),3.6
299,واتساعت(W.h),ژول(j),3600.0
300,کیلوواتساعت(kW.h),ژول(j),3600000.0
301,مگاواتساعت(MW.h),ژول(j),3600000000.0
302,گیگاواتساعت(GW.h),ژول(j),3600000000000.0
303,کالری(cal),ژول(j),4.184
304,میلیکالری(mcal),ژول(j),0.004184
305,کیلوکالری(kcal),ژول(j),4184.0
306,اسببخار-ساعت(hp.h),ژول(j),2684519.537696172
307,واحدگرماییانگلیسی(BTU),ژول(j),1055.06
308,فوتپوند(ft.lb),ژول(j),1.3558179483314003
309,فوتپوندال(ft-pdl),ژول(j),0.04214017765208825
310,اینچپوندنیرو(in.lbf),ژول(j),0.112984829
311,ارگ(erg),ژول(j),1e-07
312,لیتراتمسفر(L.atm),ژول(j),101.325
313,گالناتمسفرانگلیسی(impgal.atm),ژول(j),460.63256925
314,گالناتمسفرآمریکایی(usgal.atm),ژول(j),383.5568490138
315,هارتری(Eh),ژول(j),4.35974465e-18
316,ریدبرگ(Ry),ژول(j),2.1798723251e-18
317,الکترونولت(ev),ژول(j),1.6e-19
318,مگاالکترونولت(Mev),ژول(j),1.6e-13
319,ترماستاندارد(Ec-therm),ژول(j),105505600.0
320,ترمآمریکایی(us-therm),ژول(j),105480400.0
321,بشکهنفت(BOE),ژول(j),6120000000.0
322,تننفت(toe),ژول(j),41868000000.0
323,تنتیانتی(tonofTNT),ژول(j),4184000000.0
324,ژول(j),ژول(j),1.0
325,میلیژول(mj),ژول(j),0.001
326,میکروژول(μj),ژول(j),1e-06
327,کیلوژول(kj),ژول(j),1000.0
328,مگاژول(Mj),ژول(j),1000000.0
329,گیگاژول(Gj),ژول(j),1000000000.0
330,میلیواتساعت(mW.h),ژول(j),3.6
331,واتساعت(W.h),ژول(j),3600.0
332,کیلوواتساعت(kW.h),ژول(j),3600000.0
333,مگاواتساعت(MW.h),ژول(j),3600000000.0
334,گیگاواتساعت(GW.h),ژول(j),3600000000000.0
335,کالری(cal),ژول(j),4.184
336,میلیکالری(mcal),ژول(j),0.004184
337,کیلوکالری(kcal),ژول(j),4184.0
338,اسببخار-ساعت(hp.h),ژول(j),2684519.537696172
339,واحدگرماییانگلیسی(BTU),ژول(j),1055.06
340,فوتپوند(ft.lb),ژول(j),1.3558179483314003
341,فوتپوندال(ft-pdl),ژول(j),0.04214017765208825
342,اینچپوندنیرو(in.lbf),ژول(j),0.112984829
343,ارگ(erg),ژول(j),1e-07
344,لیتراتمسفر(L.atm),ژول(j),101.325
345,گالناتمسفرانگلیسی(impgal.atm),ژول(j),460.63256925
346,گالناتمسفرآمریکایی(usgal.atm),ژول(j),383.5568490138
347,هارتری(Eh),ژول(j),4.35974465e-18
348,ریدبرگ(Ry),ژول(j),2.1798723251e-18
349,الکترونولت(ev),ژول(j),1.6e-19
350,مگاالکترونولت(Mev),ژول(j),1.6e-13
351,ترماستاندارد(Ec-therm),ژول(j),105505600.0
352,ترمآمریکایی(us-therm),ژول(j),105480400.0
353,بشکهنفت(BOE),ژول(j),6120000000.0
354,تننفت(toe),ژول(j),41868000000.0
355,تنتیانتی(tonofTNT),ژول(j),4184000000.0
356,وات(W),وات(W),1.0
357,میلیوات(mW),وات(W),0.001
358,کیلووات(kW),وات(W),1000.0
359,مگاوات(MW),وات(W),1000000.0
360,گیگاوات(GW),وات(W),1000000000.0
361,اسببخار(hp),وات(W),745.7
362,ژولبرثانیه(j/s),وات(W),1.0
363,ژولبردقیقه(j/min),وات(W),0.016666666666666666
364,ژولبرساعت(j/h),وات(W),0.0002777777777777778
365,کالریبرثانیه(cal/s),وات(W),4.184
366,کالریبردقیقه(cal/min),وات(W),0.06973333333333334
367,کالریبرساعت(cal/h),وات(W),0.0011622222222222223
368,لیتراتمسفربرساعت(L.atm/h),وات(W),0.0281458
369,لیتراتمسفربردقیقه(L.atm/min),وات(W),1.68875
370,لیتراتمسفربرثانیه(L.atm/s),وات(W),101.325
371,ارگبرثانیه(erg/s),وات(W),1e-07
372,فوتپوندبرساعت(ft.lb/h),وات(W),0.000376616
373,فوتپوندبردقیقه(ft.lb/min),وات(W),0.02259696581
374,فوتپوندبرثانیه(ft.lb/s),وات(W),1.35581795
375,BTUبرثانیه(BTU/s),وات(W),1055.06
376,BTUبردقیقه(BTU/min),وات(W),17.584333333333333
377,BTUبرساعت(BTU/h),وات(W),0.29307222222222223
378,وات(W),وات(W),1.0
379,میلیوات(mW),وات(W),0.001
380,کیلووات(kW),وات(W),1000.0
381,مگاوات(MW),وات(W),1000000.0
382,گیگاوات(GW),وات(W),1000000000.0
383,اسببخار(hp),وات(W),745.7
384,ژولبرثانیه(j/s),وات(W),1.0
385,ژولبردقیقه(j/min),وات(W),0.016666666666666666
386,ژولبرساعت(j/h),وات(W),0.0002777777777777778
387,کالریبرثانیه(cal/s),وات(W),4.184
388,کالریبردقیقه(cal/min),وات(W),0.06973333333333334
389,کالریبرساعت(cal/h),وات(W),0.0011622222222222223
390,لیتراتمسفربرساعت(L.atm/h),وات(W),0.0281458
391,لیتراتمسفربردقیقه(L.atm/min),وات(W),1.68875
392,لیتراتمسفربرثانیه(L.atm/s),وات(W),101.325
393,ارگبرثانیه(erg/s),وات(W),1e-07
394,فوتپوندبرساعت(ft.lb/h),وات(W),0.000376616
395,فوتپوندبردقیقه(ft.lb/min),وات(W),0.02259696581
396,فوتپوندبرثانیه(ft.lb/s),وات(W),1.35581795
397,BTUبرثانیه(BTU/s),وات(W),1055.06
398,BTUبردقیقه(BTU/min),وات(W),17.584333333333333
399,BTUبرساعت(BTU/h),وات(W),0.29307222222222223
400,نیوتن-متر(N.m),نیوتن-متر(N.m),1.0
401,فوت-پوندنیرو(ft.lbf),نیوتن-متر(N.m),1.3558179483314006
402,متر-کیلوگرمنیرو(m.Kgf),نیوتن-متر(N.m),9.80665
403,متر-کیلوپوند(m.Kp),نیوتن-متر(N.m),9.80665
404,سانتیمتر-کیلوگرمنیرو(cm.Kgf),نیوتن-متر(N.m),0.0980665
405,سانتیمتر-گرمنیرو(cm.gf),نیوتن-متر(N.m),9.80665e-05
406,اینچ-اونسنیرو(in.ozf),نیوتن-متر(N.m),0.0070615518142260435
407,اینچ-پوندنیرو(in.lbf),نیوتن-متر(N.m),0.1129848290276167
408,فوتپوندال(ft.pdl),نیوتن-متر(N.m),0.042140110094
409,نیوتن-متر(N.m),نیوتن-متر(N.m),1.0
410,فوت-پوندنیرو(ft.lbf),نیوتن-متر(N.m),1.3558179483314006
411,متر-کیلوگرمنیرو(m.Kgf),نیوتن-متر(N.m),9.80665
412,متر-کیلوپوند(m.Kp),نیوتن-متر(N.m),9.80665
413,سانتیمتر-کیلوگرمنیرو(cm.Kgf),نیوتن-متر(N.m),0.0980665
414,سانتیمتر-گرمنیرو(cm.gf),نیوتن-متر(N.m),9.80665e-05
415,اینچ-اونسنیرو(in.ozf),نیوتن-متر(N.m),0.0070615518142260435
416,اینچ-پوندنیرو(in.lbf),نیوتن-متر(N.m),0.1129848290276167
417,فوتپوندال(ft.pdl),نیوتن-متر(N.m),0.042140110094
418,ثانیه(s),ثانیه(s),1.0
419,کیلوثانیه(ks),ثانیه(s),1000.0
420,میلیثانیه(ms),ثانیه(s),0.001
421,میکروثانیه(μs),ثانیه(s),1e-06
422,نانوثانیه(ns),ثانیه(s),1e-09
423,پیکوثانیه(ps),ثانیه(s),1e-12
424,دقیقه(min),ثانیه(s),60.0
425,ساعت(h),ثانیه(s),3600.0
426,روز(Day),ثانیه(s),86400.0
427,هفته(Week),ثانیه(s),604800.0
428,ماه(Month),ثانیه(s),2629800.0
429,ماهقمری,ثانیه(s),2551440.0
430,سال(Year),ثانیه(s),31557600.0
431,سالقمری,ثانیه(s),30617280.0
432,دهه(Decade),ثانیه(s),315576000.0
433,قرن(Century),ثانیه(s),3155760000.0
434,ثانیه(s),ثانیه(s),1.0
435,کیلوثانیه(ks),ثانیه(s),1000.0
436,میلیثانیه(ms),ثانیه(s),0.001
437,میکروثانیه(μs),ثانیه(s),1e-06
438,نانوثانیه(ns),ثانیه(s),1e-09
439,پیکوثانیه(ps),ثانیه(s),1e-12
440,دقیقه(min),ثانیه(s),60.0
441,ساعت(h),ثانیه(s),3600.0
442,روز(Day),ثانیه(s),86400.0
443,هفته(Week),ثانیه(s),604800.0
444,ماه(Month),ثانیه(s),2629800.0
445,ماهقمری,ثانیه(s),2551440.0
446,سال(Year),ثانیه(s),31557600.0
447,سالقمری,ثانیه(s),30617280.0
448,دهه(Decade),ثانیه(s),315576000.0
449,قرن(Century),ثانیه(s),3155760000.0
450,تنبرمترمکعب(t/m³),تنبرمترمکعب(t/m³),1.0
451,کیلوگرمبرمترمکعب(kg/m³),تنبرمترمکعب(t/m³),0.001
452,کیلوگرمبرلیتر(kg/L),تنبرمترمکعب(t/m³),1.0
453,کیلوگرمبردسیمترمکعب(kg/dm³),تنبرمترمکعب(t/m³),1.0
454,گرمبرمترمکعب(g/m³),تنبرمترمکعب(t/m³),1e-06
455,گرمبرلیتر(g/L),تنبرمترمکعب(t/m³),0.001
456,گرمبرسانتیمترمکعب(g/cm³),تنبرمترمکعب(t/m³),1.0
457,گرمبرمیلیلیتر(g/mL),تنبرمترمکعب(t/m³),1.0
458,گرمبرمیلیمترمکعب(g/mm³),تنبرمترمکعب(t/m³),1e-09
459,میلیگرمبرلیتر(mg/L),تنبرمترمکعب(t/m³),1e-06
460,میلیگرمبرسانتیمترمکعب(mg/cm³),تنبرمترمکعب(t/m³),0.001
461,میلیگرمبرمیلیلیتر(mg/mL),تنبرمترمکعب(t/m³),0.001
462,میلیگرمبرمیلیمترمکعب(mg/mm³),تنبرمترمکعب(t/m³),1.0
463,پوندبرفوتمکعب(lb/ft³),تنبرمترمکعب(t/m³),0.01601846337396014
464,پوندبراینچمکعب(lb/in³),تنبرمترمکعب(t/m³),27.67990471020312
465,پوندبریاردمکعب(lb/yd³),تنبرمترمکعب(t/m³),0.000593276421257783
466,اونسبرفوتمکعب(oz/ft³),تنبرمترمکعب(t/m³),0.001001153961
467,اونسبراینچمکعب(oz/in³),تنبرمترمکعب(t/m³),1.729994044
468,اسلاگبرفوتمکعب(slug/ft³),تنبرمترمکعب(t/m³),0.5153788206107325
469,پوندبرگالنآمریکایی(lb/gal),تنبرمترمکعب(t/m³),0.11982642731689663
470,پوندبربوشلآمریکایی,تنبرمترمکعب(t/m³),0.012871859780974472
471,پوندبرگالنانگلیسی,تنبرمترمکعب(t/m³),0.09977637266
472,گرمبرسیسی(g/cc),تنبرمترمکعب(t/m³),1.0
473,میلیگرمبرسیسی(mg/cc),تنبرمترمکعب(t/m³),0.001
474,تنبرمترمکعب(t/m³),تنبرمترمکعب(t/m³),1.0
475,کیلوگرمبرمترمکعب(kg/m³),تنبرمترمکعب(t/m³),0.001
476,کیلوگرمبرلیتر(kg/L),تنبرمترمکعب(t/m³),1.0
477,کیلوگرمبردسیمترمکعب(kg/dm³),تنبرمترمکعب(t/m³),1.0
478,گرمبرمترمکعب(g/m³),تنبرمترمکعب(t/m³),1e-06
479,گرمبرلیتر(g/L),تنبرمترمکعب(t/m³),0.001
480,گرمبرسانتیمترمکعب(g/cm³),تنبرمترمکعب(t/m³),1.0
481,گرمبرمیلیلیتر(g/mL),تنبرمترمکعب(t/m³),1.0
482,گرمبرمیلیمترمکعب(g/mm³),تنبرمترمکعب(t/m³),1e-09
483,میلیگرمبرلیتر(mg/L),تنبرمترمکعب(t/m³),1e-06
484,میلیگرمبرسانتیمترمکعب(mg/cm³),تنبرمترمکعب(t/m³),0.001
485,میلیگرمبرمیلیلیتر(mg/mL),تنبرمترمکعب(t/m³),0.001
486,میلیگرمبرمیلیمترمکعب(mg/mm³),تنبرمترمکعب(t/m³),1.0
487,پوندبرفوتمکعب(lb/ft³),تنبرمترمکعب(t/m³),0.01601846337396014
488,پوندبراینچمکعب(lb/in³),تنبرمترمکعب(t/m³),27.67990471020312
489,پوندبریاردمکعب(lb/yd³),تنبرمترمکعب(t/m³),0.000593276421257783
490,اونسبرفوتمکعب(oz/ft³),تنبرمترمکعب(t/m³),0.001001153961
491,اونسبراینچمکعب(oz/in³),تنبرمترمکعب(t/m³),1.729994044
492,اسلاگبرفوتمکعب(slug/ft³),تنبرمترمکعب(t/m³),0.5153788206107325
493,پوندبرگالنآمریکایی(lb/gal),تنبرمترمکعب(t/m³),0.11982642731689663
494,پوندبربوشلآمریکایی,تنبرمترمکعب(t/m³),0.012871859780974472
495,پوندبرگالنانگلیسی,تنبرمترمکعب(t/m³),0.09977637266
496,گرمبرسیسی(g/cc),تنبرمترمکعب(t/m³),1.0
497,میلیگرمبرسیسی(mg/cc),تنبرمترمکعب(t/m³),0.001
498,تنبرمترمکعب(t/m³),تنبرمترمکعب(t/m³),1.0
499,کیلوگرمبرمترمکعب(kg/m³),تنبرمترمکعب(t/m³),0.001
500,کیلوگرمبرلیتر(kg/L),تنبرمترمکعب(t/m³),1.0
501,کیلوگرمبردسیمترمکعب(kg/dm³),تنبرمترمکعب(t/m³),1.0
502,گرمبرمترمکعب(g/m³),تنبرمترمکعب(t/m³),1e-06
503,گرمبرلیتر(g/L),تنبرمترمکعب(t/m³),0.001
504,گرمبرسانتیمترمکعب(g/cm³),تنبرمترمکعب(t/m³),1.0
505,گرمبرمیلیلیتر(g/mL),تنبرمترمکعب(t/m³),1.0
506,گرمبرمیلیمترمکعب(g/mm³),تنبرمترمکعب(t/m³),1e-09
507,میلیگرمبرلیتر(mg/L),تنبرمترمکعب(t/m³),1e-06
508,میلیگرمبرسانتیمترمکعب(mg/cm³),تنبرمترمکعب(t/m³),0.001
509,میلیگرمبرمیلیلیتر(mg/mL),تنبرمترمکعب(t/m³),0.001
510,میلیگرمبرمیلیمترمکعب(mg/mm³),تنبرمترمکعب(t/m³),1.0
511,پوندبرفوتمکعب(lb/ft³),تنبرمترمکعب(t/m³),0.01601846337396014
512,پوندبراینچمکعب(lb/in³),تنبرمترمکعب(t/m³),27.67990471020312
513,پوندبریاردمکعب(lb/yd³),تنبرمترمکعب(t/m³),0.000593276421257783
514,اونسبرفوتمکعب(oz/ft³),تنبرمترمکعب(t/m³),0.001001153961
515,اونسبراینچمکعب(oz/in³),تنبرمترمکعب(t/m³),1.729994044
516,اسلاگبرفوتمکعب(slug/ft³),تنبرمترمکعب(t/m³),0.5153788206107325
517,پوندبرگالنآمریکایی(lb/gal),تنبرمترمکعب(t/m³),0.11982642731689663
518,پوندبربوشلآمریکایی,تنبرمترمکعب(t/m³),0.012871859780974472
519,پوندبرگالنانگلیسی,تنبرمترمکعب(t/m³),0.09977637266
520,گرمبرسیسی(g/cc),تنبرمترمکعب(t/m³),1.0
521,میلیگرمبرسیسی(mg/cc),تنبرمترمکعب(t/m³),0.001
522,هرتز(Hz),هرتز(Hz),1.0
523,دوربرثانیه(rps),هرتز(Hz),1.0
524,دوربردقیقه(rpm),هرتز(Hz),0.016666666666666666
525,دوربرساعت(rph),هرتز(Hz),0.0002777777777777778
526,میلیهرتز(mHz),هرتز(Hz),0.001
527,کیلوهرتز(kHz),هرتز(Hz),1000.0
528,مگاهرتز(MHz),هرتز(Hz),1000000.0
529,گیگاهرتز(GHz),هرتز(Hz),1000000000.0
530,تراهرتز(THz),هرتز(Hz),1000000000000.0
531,هرتز(Hz),هرتز(Hz),1.0
532,دوربرثانیه(rps),هرتز(Hz),1.0
533,دوربردقیقه(rpm),هرتز(Hz),0.016666666666666666
534,دوربرساعت(rph),هرتز(Hz),0.0002777777777777778
535,میلیهرتز(mHz),هرتز(Hz),0.001
536,کیلوهرتز(kHz),هرتز(Hz),1000.0
537,مگاهرتز(MHz),هرتز(Hz),1000000.0
538,گیگاهرتز(GHz),هرتز(Hz),1000000000.0
539,تراهرتز(THz),هرتز(Hz),1000000000000.0
540,رادیان(Rad),رادیان(Rad),1.0
541,درجه(Deg),رادیان(Rad),0.017453292519944003
542,گراد(Grad),رادیان(Rad),0.015707963267949602
543,ثانیهقوسی(arcsecond),رادیان(Rad),4.848136811095556e-06
544,دقیقهقوسی(arcminute),رادیان(Rad),0.00029088820866573334
545,رادیان(Rad),رادیان(Rad),1.0
546,درجه(Deg),رادیان(Rad),0.017453292519944003
547,گراد(Grad),رادیان(Rad),0.015707963267949602
548,ثانیهقوسی(arcsecond),رادیان(Rad),4.848136811095556e-06
549,دقیقهقوسی(arcminute),رادیان(Rad),0.00029088820866573334
550,متربرمجذورثانیه,متربرمجذورثانیه,1.0
551,کیلومتربرمجذورثانیه,متربرمجذورثانیه,1000.0
552,سانتیمتربرمجذورثانیه,متربرمجذورثانیه,0.01
553,فوتبرمجذورثانیه,متربرمجذورثانیه,0.3048
554,مایلبرمجذورثانیه,متربرمجذورثانیه,1609.344
555,اینچبرمجذورثانیه,متربرمجذورثانیه,0.0254
556,گال(Gal),متربرمجذورثانیه,0.01
557,میلیگال(mGal),متربرمجذورثانیه,1e-05
558,میکروگال(μGal),متربرمجذورثانیه,1e-08
559,ناتبرثانیه(knot/s),متربرمجذورثانیه,0.5144444444444445
560,کیلومتربرساعتبرثانیه,متربرمجذورثانیه,0.2777777777777778
561,مایلبرساعتبرثانیه,متربرمجذورثانیه,0.44704
562,متربرمجذورثانیه,متربرمجذورثانیه,1.0
563,کیلومتربرمجذورثانیه,متربرمجذورثانیه,1000.0
564,سانتیمتربرمجذورثانیه,متربرمجذورثانیه,0.01
565,فوتبرمجذورثانیه,متربرمجذورثانیه,0.3048
566,مایلبرمجذورثانیه,متربرمجذورثانیه,1609.344
567,اینچبرمجذورثانیه,متربرمجذورثانیه,0.0254
568,گال(Gal),متربرمجذورثانیه,0.01
569,میلیگال(mGal),متربرمجذورثانیه,1e-05
570,میکروگال(μGal),متربرمجذورثانیه,1e-08
571,ناتبرثانیه(knot/s),متربرمجذورثانیه,0.5144444444444445
572,کیلومتربرساعتبرثانیه,متربرمجذورثانیه,0.2777777777777778
573,مایلبرساعتبرثانیه,متربرمجذورثانیه,0.44704
574,تنبرثانیه,تنبرثانیه,1.0
575,تنبردقیقه,تنبرثانیه,0.016666666666666666
576,تنبرساعت,تنبرثانیه,0.0002777777777777778
577,تنبرروز,تنبرثانیه,1.1574074074074073e-05
578,کیلوگرمبرثانیه,تنبرثانیه,0.001
579,کیلوگرمبردقیقه,تنبرثانیه,1.6666666666666667e-05
580,کیلوگرمبرساعت,تنبرثانیه,2.777777777777778e-07
581,کیلوگرمبرروز,تنبرثانیه,1.1574074074074072e-08
582,گرمبرثانیه,تنبرثانیه,1e-06
583,گرمبردقیقه,تنبرثانیه,1.6666666666666667e-08
584,گرمبرساعت,تنبرثانیه,2.7777777777777777e-10
585,گرمبرروز,تنبرثانیه,1.1574074074074074e-11
586,میلیگرمبرثانیه,تنبرثانیه,1e-09
587,میلیگرمبردقیقه,تنبرثانیه,1.6666666666666667e-11
588,میلیگرمبرساعت,تنبرثانیه,2.777777777777778e-13
589,میلیگرمبرروز,تنبرثانیه,1.1574074074074074e-14
590,پوندبرثانیه,تنبرثانیه,0.00045359237
591,پوندبردقیقه,تنبرثانیه,7.559872833333333e-06
592,پوندبرساعت,تنبرثانیه,1.2599788055555557e-07
593,پوندبرروز,تنبرثانیه,5.249911689814815e-09
594,اونسبرثانیه,تنبرثانیه,2.8349523125e-05
595,اونسبردقیقه,تنبرثانیه,4.724920520833333e-07
596,اونسبرساعت,تنبرثانیه,7.874867534722223e-09
597,اونسبرروز,تنبرثانیه,3.2811948061342593e-10
598,تنبرثانیه,تنبرثانیه,1.0
599,تنبردقیقه,تنبرثانیه,0.016666666666666666
600,تنبرساعت,تنبرثانیه,0.0002777777777777778
601,تنبرروز,تنبرثانیه,1.1574074074074073e-05
602,کیلوگرمبرثانیه,تنبرثانیه,0.001
603,کیلوگرمبردقیقه,تنبرثانیه,1.6666666666666667e-05
604,کیلوگرمبرساعت,تنبرثانیه,2.777777777777778e-07
605,کیلوگرمبرروز,تنبرثانیه,1.1574074074074072e-08
606,گرمبرثانیه,تنبرثانیه,1e-06
607,گرمبردقیقه,تنبرثانیه,1.6666666666666667e-08
608,گرمبرساعت,تنبرثانیه,2.7777777777777777e-10
609,گرمبرروز,تنبرثانیه,1.1574074074074074e-11
610,میلیگرمبرثانیه,تنبرثانیه,1e-09
611,میلیگرمبردقیقه,تنبرثانیه,1.6666666666666667e-11
612,میلیگرمبرساعت,تنبرثانیه,2.777777777777778e-13
613,میلیگرمبرروز,تنبرثانیه,1.1574074074074074e-14
614,پوندبرثانیه,تنبرثانیه,0.00045359237
615,پوندبردقیقه,تنبرثانیه,7.559872833333333e-06
616,پوندبرساعت,تنبرثانیه,1.2599788055555557e-07
617,پوندبرروز,تنبرثانیه,5.249911689814815e-09
618,اونسبرثانیه,تنبرثانیه,2.8349523125e-05
619,اونسبردقیقه,تنبرثانیه,4.724920520833333e-07
620,اونسبرساعت,تنبرثانیه,7.874867534722223e-09
621,اونسبرروز,تنبرثانیه,3.2811948061342593e-10
622,مترمکعببرثانیه,مترمکعببرثانیه,1.0
623,مترمکعببردقیقه,مترمکعببرثانیه,0.016666666666666666
624,مترمکعببرساعت,مترمکعببرثانیه,0.0002777777777777778
625,مترمکعببرروز,مترمکعببرثانیه,1.1574074074074073e-05
626,لیتربردقیقه,مترمکعببرثانیه,1.6666666666666667e-05
627,لیتربرثانیه,مترمکعببرثانیه,0.001
628,لیتربرساعت,مترمکعببرثانیه,2.7777777777777776e-07
629,لیتربرروز,مترمکعببرثانیه,1.1574074074074074e-08
630,میلیلیتر(سیسیبرثانیه),مترمکعببرثانیه,1e-06
631,میلیلیتر(سیسیبردقیقه),مترمکعببرثانیه,1.6666666666666667e-08
632,میلیلیتر(سیسیبرساعت),مترمکعببرثانیه,2.7777777777777777e-10
633,میلیلیتر(سیسیبرروز),مترمکعببرثانیه,1.1574074074074074e-11
634,سانتیمترمکعببرثانیه,مترمکعببرثانیه,1e-06
635,سانتیمترمکعببردقیقه,مترمکعببرثانیه,1.6666666666666667e-08
636,سانتیمترمکعببرساعت,مترمکعببرثانیه,2.7777777777777777e-10
637,سانتیمترمکعببرروز,مترمکعببرثانیه,1.1574074074074074e-11
638,اینچمکعببرثانیه,مترمکعببرثانیه,1.6387064e-05
639,اینچمکعببردقیقه,مترمکعببرثانیه,2.7311773333333333e-07
640,اینچمکعببرساعت,مترمکعببرثانیه,4.551962222222222e-09
641,اینچمکعببرروز,مترمکعببرثانیه,1.896650925925926e-10
642,فوتمکعببرثانیه,مترمکعببرثانیه,0.028316846592000004
643,فوتمکعببردقیقه,مترمکعببرثانیه,0.0004719474432000001
644,فوتمکعببرساعت,مترمکعببرثانیه,7.86579072e-06
645,فوتمکعببرروز,مترمکعببرثانیه,3.2774128000000003e-07
646,گالنآمریکاییبرثانیه,مترمکعببرثانیه,0.003785411784
647,گالنآمریکاییبردقیقه,مترمکعببرثانیه,6.30901964e-05
648,گالنآمریکاییبرساعت,مترمکعببرثانیه,1.0515032733333334e-06
649,گالنآمریکاییبرروز,مترمکعببرثانیه,8.762527277777777e-08
650,مترمکعببرثانیه,مترمکعببرثانیه,1.0
651,مترمکعببردقیقه,مترمکعببرثانیه,0.016666666666666666
652,مترمکعببرساعت,مترمکعببرثانیه,0.0002777777777777778
653,مترمکعببرروز,مترمکعببرثانیه,1.1574074074074073e-05
654,لیتربردقیقه,مترمکعببرثانیه,1.6666666666666667e-05
655,لیتربرثانیه,مترمکعببرثانیه,0.001
656,لیتربرساعت,مترمکعببرثانیه,2.7777777777777776e-07
657,لیتربرروز,مترمکعببرثانیه,1.1574074074074074e-08
658,میلیلیتر(سیسیبرثانیه),مترمکعببرثانیه,1e-06
659,میلیلیتر(سیسیبردقیقه),مترمکعببرثانیه,1.6666666666666667e-08
660,میلیلیتر(سیسیبرساعت),مترمکعببرثانیه,2.7777777777777777e-10
661,میلیلیتر(سیسیبرروز),مترمکعببرثانیه,1.1574074074074074e-11
662,سانتیمترمکعببرثانیه,مترمکعببرثانیه,1e-06
663,سانتیمترمکعببردقیقه,مترمکعببرثانیه,1.6666666666666667e-08
664,سانتیمترمکعببرساعت,مترمکعببرثانیه,2.7777777777777777e-10
665,سانتیمترمکعببرروز,مترمکعببرثانیه,1.1574074074074074e-11
666,اینچمکعببرثانیه,مترمکعببرثانیه,1.6387064e-05
667,اینچمکعببردقیقه,مترمکعببرثانیه,2.7311773333333333e-07
668,اینچمکعببرساعت,مترمکعببرثانیه,4.551962222222222e-09
669,اینچمکعببرروز,مترمکعببرثانیه,1.896650925925926e-10
670,فوتمکعببرثانیه,مترمکعببرثانیه,0.028316846592000004
671,فوتمکعببردقیقه,مترمکعببرثانیه,0.0004719474432000001
672,فوتمکعببرساعت,مترمکعببرثانیه,7.86579072e-06
673,فوتمکعببرروز,مترمکعببرثانیه,3.2774128000000003e-07
674,گالنآمریکاییبرثانیه,مترمکعببرثانیه,0.003785411784
675,گالنآمریکاییبردقیقه,مترمکعببرثانیه,6.30901964e-05
676,گالنآمریکاییبرساعت,مترمکعببرثانیه,1.0515032733333334e-06
677,گالنآمریکاییبرروز,مترمکعببرثانیه,8.762527277777777e-08
678,بیت(Bit),بیت(Bit),1.0
679,کیلوبیت(kb),بیت(Bit),1000.0
680,کیبیبیت(Kib),بیت(Bit),1024.0
681,مگابیت(Mb),بیت(Bit),1000000.0
682,مبیبیت(Mib),بیت(Bit),1048576.0
683,گیگابیت(Gb),بیت(Bit),1000000000.0
684,گیبیبیت(Gib),بیت(Bit),1073741824.0
685,ترابیت(Tb),بیت(Bit),1000000000000.0
686,تبیبیت(Tib),بیت(Bit),1099511627776.0
687,پتابیت(Pb),بیت(Bit),1000000000000000.0
688,پبیبیت(Pib),بیت(Bit),1125899906842624.0
689,بایت(Byte),بیت(Bit),8.0
690,کیلوبایت(kB),بیت(Bit),8000.0
691,کیبیبایت(KiB),بیت(Bit),8192.0
692,مگابایت(MB),بیت(Bit),8000000.0
693,مبیبایت(MiB),بیت(Bit),8388608.0
694,گیگابایت(GB),بیت(Bit),8000000000.0
695,گیبیبایت(GiB),بیت(Bit),8589934592.0
696,ترابایت(TB),بیت(Bit),8000000000000.0
697,تبیبایت(TiB),بیت(Bit),8796093022208.0
698,پتابایت(PB),بیت(Bit),8000000000000000.0
699,پبیبایت(PiB),بیت(Bit),9007199254740992.0
700,بیت(Bit),بیت(Bit),1.0
701,کیلوبیت(kb),بیت(Bit),1000.0
702,کیبیبیت(Kib),بیت(Bit),1024.0
703,مگابیت(Mb),بیت(Bit),1000000.0
704,مبیبیت(Mib),بیت(Bit),1048576.0
705,گیگابیت(Gb),بیت(Bit),1000000000.0
706,گیبیبیت(Gib),بیت(Bit),1073741824.0
707,ترابیت(Tb),بیت(Bit),1000000000000.0
708,تبیبیت(Tib),بیت(Bit),1099511627776.0
709,پتابیت(Pb),بیت(Bit),1000000000000000.0
710,پبیبیت(Pib),بیت(Bit),1125899906842624.0
711,بایت(Byte),بیت(Bit),8.0
712,کیلوبایت(kB),بیت(Bit),8000.0
713,کیبیبایت(KiB),بیت(Bit),8192.0
714,مگابایت(MB),بیت(Bit),8000000.0
715,مبیبایت(MiB),بیت(Bit),8388608.0
716,گیگابایت(GB),بیت(Bit),8000000000.0
717,گیبیبایت(GiB),بیت(Bit),8589934592.0
718,ترابایت(TB),بیت(Bit),8000000000000.0
719,تبیبایت(TiB),بیت(Bit),8796093022208.0
720,پتابایت(PB),بیت(Bit),8000000000000000.0
721,پبیبایت(PiB),بیت(Bit),9007199254740992.0
722,بیتبرثانیه(Bit/s),بیتبرثانیه(Bit/s),1.0
723,کیلوبیتبرثانیه(kb/s),بیتبرثانیه(Bit/s),1000.0
724,کیبیبیتبرثانیه(Kib/s),بیتبرثانیه(Bit/s),1024.0
725,مگابیتبرثانیه(Mb/s),بیتبرثانیه(Bit/s),1000000.0
726,مبیبیتبرثانیه(Mib/s),بیتبرثانیه(Bit/s),1048576.0
727,گیگابیتبرثانیه(Gb/s),بیتبرثانیه(Bit/s),1000000000.0
728,گیبیبیتبرثانیه(Gib/s),بیتبرثانیه(Bit/s),1073741824.0
729,ترابیتبرثانیه(Tb/s),بیتبرثانیه(Bit/s),1000000000000.0
730,تبیبیتبرثانیه(Tib/s),بیتبرثانیه(Bit/s),1099511627776.0
731,پتابیتبرثانیه(Pb/s),بیتبرثانیه(Bit/s),1000000000000000.0
732,پبیبیتبرثانیه(Pib/s),بیتبرثانیه(Bit/s),1125899906842624.0
733,بایتبرثانیه(Byte/s),بیتبرثانیه(Bit/s),8.0
734,کیلوبایتبرثانیه(kB/s),بیتبرثانیه(Bit/s),8000.0
735,کیبیبایتبرثانیه(KiB/s),بیتبرثانیه(Bit/s),8192.0
736,مگابایتبرثانیه(MB/s),بیتبرثانیه(Bit/s),8000000.0
737,مبیبایتبرثانیه(MiB/s),بیتبرثانیه(Bit/s),8388608.0
738,گیگابایتبرثانیه(GB/s),بیتبرثانیه(Bit/s),8000000000.0
739,گیبیبایتبرثانیه(GiB/s),بیتبرثانیه(Bit/s),8589934592.0
740,ترابایتبرثانیه(TB/s),بیتبرثانیه(Bit/s),8000000000000.0
741,تبیبایتبرثانیه(TiB/s),بیتبرثانیه(Bit/s),8796093022208.0
742,بیتبردقیقه(Bit/min),بیتبرثانیه(Bit/s),0.016666666666666666
743,کیلوبیتبردقیقه(kb/min),بیتبرثانیه(Bit/s),16.666666666666668
744,مگابیتبردقیقه(Mb/min),بیتبرثانیه(Bit/s),16666.666666666668
745,گیگابیتبردقیقه(Gb/min),بیتبرثانیه(Bit/s),16666666.666666666
746,ترابیتبردقیقه(Tb/min),بیتبرثانیه(Bit/s),16666666666.666666
747,بایتبردقیقه(Byte/min),بیتبرثانیه(Bit/s),0.13333333333333333
748,کیلوبایتبردقیقه(kB/min),بیتبرثانیه(Bit/s),133.33333333333334
749,مگابایتبردقیقه(MB/min),بیتبرثانیه(Bit/s),133333.33333333334
750,گیگابایتبردقیقه(GB/min),بیتبرثانیه(Bit/s),133333333.33333333
751,ترابایتبردقیقه(TB/min),بیتبرثانیه(Bit/s),133333333333.33333
752,بیتبرساعت(Bit/h),بیتبرثانیه(Bit/s),0.0002777777777777778
753,کیلوبیتبرساعت(kb/h),بیتبرثانیه(Bit/s),0.2777777777777778
754,مگابیتبرساعت(Mb/h),بیتبرثانیه(Bit/s),277.77777777777777
755,گیگابیتبرساعت(Gb/h),بیتبرثانیه(Bit/s),277777.77777777775
756,ترابیتبرساعت(Tb/h),بیتبرثانیه(Bit/s),277777777.7777778
757,بایتبرساعت(Byte/h),بیتبرثانیه(Bit/s),0.0022222222222222222
758,کیلوبایتبرساعت(kB/h),بیتبرثانیه(Bit/s),2.2222222222222223
759,مگابایتبرساعت(MB/h),بیتبرثانیه(Bit/s),2222.222222222222
760,گیگابایتبرساعت(GB/h),بیتبرثانیه(Bit/s),2222222.222222222
761,ترابایتبرساعت(TB/h),بیتبرثانیه(Bit/s),2222222222.2222223
762,بیتبرثانیه(Bit/s),بیتبرثانیه(Bit/s),1.0
763,کیلوبیتبرثانیه(kb/s),بیتبرثانیه(Bit/s),1000.0
764,کیبیبیتبرثانیه(Kib/s),بیتبرثانیه(Bit/s),1024.0
765,مگابیتبرثانیه(Mb/s),بیتبرثانیه(Bit/s),1000000.0
766,مبیبیتبرثانیه(Mib/s),بیتبرثانیه(Bit/s),1048576.0
767,گیگابیتبرثانیه(Gb/s),بیتبرثانیه(Bit/s),1000000000.0
768,گیبیبیتبرثانیه(Gib/s),بیتبرثانیه(Bit/s),1073741824.0
769,ترابیتبرثانیه(Tb/s),بیتبرثانیه(Bit/s),1000000000000.0
770,تبیبیتبرثانیه(Tib/s),بیتبرثانیه(Bit/s),1099511627776.0
771,پتابیتبرثانیه(Pb/s),بیتبرثانیه(Bit/s),1000000000000000.0
772,پبیبیتبرثانیه(Pib/s),بیتبرثانیه(Bit/s),1125899906842624.0
773,بایتبرثانیه(Byte/s),بیتبرثانیه(Bit/s),8.0
774,کیلوبایتبرثانیه(kB/s),بیتبرثانیه(Bit/s),8000.0
775,کیبیبایتبرثانیه(KiB/s),بیتبرثانیه(Bit/s),8192.0
776,مگابایتبرثانیه(MB/s),بیتبرثانیه(Bit/s),8000000.0
777,مبیبایتبرثانیه(MiB/s),بیتبرثانیه(Bit/s),8388608.0
778,گیگابایتبرثانیه(GB/s),بیتبرثانیه(Bit/s),8000000000.0
779,گیبیبایتبرثانیه(GiB/s),بیتبرثانیه(Bit/s),8589934592.0
780,ترابایتبرثانیه(TB/s),بیتبرثانیه(Bit/s),8000000000000.0
781,تبیبایتبرثانیه(TiB/s),بیتبرثانیه(Bit/s),8796093022208.0
782,بیتبردقیقه(Bit/min),بیتبرثانیه(Bit/s),0.016666666666666666
783,کیلوبیتبردقیقه(kb/min),بیتبرثانیه(Bit/s),16.666666666666668
784,مگابیتبردقیقه(Mb/min),بیتبرثانیه(Bit/s),16666.666666666668
785,گیگابیتبردقیقه(Gb/min),بیتبرثانیه(Bit/s),16666666.666666666
786,ترابیتبردقیقه(Tb/min),بیتبرثانیه(Bit/s),16666666666.666666
787,بایتبردقیقه(Byte/min),بیتبرثانیه(Bit/s),0.13333333333333333
788,کیلوبایتبردقیقه(kB/min),بیتبرثانیه(Bit/s),133.33333333333334
789,مگابایتبردقیقه(MB/min),بیتبرثانیه(Bit/s),133333.33333333334
790,گیگابایتبردقیقه(GB/min),بیتبرثانیه(Bit/s),133333333.33333333
791,ترابایتبردقیقه(TB/min),بیتبرثانیه(Bit/s),133333333333.33333
792,بیتبرساعت(Bit/h),بیتبرثانیه(Bit/s),0.0002777777777777778
793,کیلوبیتبرساعت(kb/h),بیتبرثانیه(Bit/s),0.2777777777777778
794,مگابیتبرساعت(Mb/h),بیتبرثانیه(Bit/s),277.77777777777777
795,گیگابیتبرساعت(Gb/h),بیتبرثانیه(Bit/s),277777.77777777775
796,ترابیتبرساعت(Tb/h),بیتبرثانیه(Bit/s),277777777.7777778
797,بایتبرساعت(Byte/h),بیتبرثانیه(Bit/s),0.0022222222222222222
798,کیلوبایتبرساعت(kB/h),بیتبرثانیه(Bit/s),2.2222222222222223
799,مگابایتبرساعت(MB/h),بیتبرثانیه(Bit/s),2222.222222222222
800,گیگابایتبرساعت(GB/h),بیتبرثانیه(Bit/s),2222222.222222222
801,ترابایتبرساعت(TB/h),بیتبرثانیه(Bit/s),2222222222.2222223
802,بیتبرثانیه(Bit/s),بیتبرثانیه(Bit/s),1.0
803,کیلوبیتبرثانیه(kb/s),بیتبرثانیه(Bit/s),1000.0
804,کیبیبیتبرثانیه(Kib/s),بیتبرثانیه(Bit/s),1024.0
805,مگابیتبرثانیه(Mb/s),بیتبرثانیه(Bit/s),1000000.0
806,مبیبیتبرثانیه(Mib/s),بیتبرثانیه(Bit/s),1048576.0
807,گیگابیتبرثانیه(Gb/s),بیتبرثانیه(Bit/s),1000000000.0
808,گیبیبیتبرثانیه(Gib/s),بیتبرثانیه(Bit/s),1073741824.0
809,ترابیتبرثانیه(Tb/s),بیتبرثانیه(Bit/s),1000000000000.0
810,تبیبیتبرثانیه(Tib/s),بیتبرثانیه(Bit/s),1099511627776.0
811,پتابیتبرثانیه(Pb/s),بیتبرثانیه(Bit/s),1000000000000000.0
812,پبیبیتبرثانیه(Pib/s),بیتبرثانیه(Bit/s),1125899906842624.0
813,بایتبرثانیه(Byte/s),بیتبرثانیه(Bit/s),8.0
814,کیلوبایتبرثانیه(kB/s),بیتبرثانیه(Bit/s),8000.0
815,کیبیبایتبرثانیه(KiB/s),بیتبرثانیه(Bit/s),8192.0
816,مگابایتبرثانیه(MB/s),بیتبرثانیه(Bit/s),8000000.0
817,مبیبایتبرثانیه(MiB/s),بیتبرثانیه(Bit/s),8388608.0
818,گیگابایتبرثانیه(GB/s),بیتبرثانیه(Bit/s),8000000000.0
819,گیبیبایتبرثانیه(GiB/s),بیتبرثانیه(Bit/s),8589934592.0
820,ترابایتبرثانیه(TB/s),بیتبرثانیه(Bit/s),8000000000000.0
821,تبیبایتبرثانیه(TiB/s),بیتبرثانیه(Bit/s),8796093022208.0
822,بیتبردقیقه(Bit/min),بیتبرثانیه(Bit/s),0.016666666666666666
823,کیلوبیتبردقیقه(kb/min),بیتبرثانیه(Bit/s),16.666666666666668
824,مگابیتبردقیقه(Mb/min),بیتبرثانیه(Bit/s),16666.666666666668
825,گیگابیتبردقیقه(Gb/min),بیتبرثانیه(Bit/s),16666666.666666666
826,ترابیتبردقیقه(Tb/min),بیتبرثانیه(Bit/s),16666666666.666666
827,بایتبردقیقه(Byte/min),بیتبرثانیه(Bit/s),0.13333333333333333
828,کیلوبایتبردقیقه(kB/min),بیتبرثانیه(Bit/s),133.33333333333334
829,مگابایتبردقیقه(MB/min),بیتبرثانیه(Bit/s),133333.33333333334
830,گیگابایتبردقیقه(GB/min),بیتبرثانیه(Bit/s),133333333.33333333
831,ترابایتبردقیقه(TB/min),بیتبرثانیه(Bit/s),133333333333.33333
832,بیتبرساعت(Bit/h),بیتبرثانیه(Bit/s),0.0002777777777777778
833,کیلوبیتبرساعت(kb/h),بیتبرثانیه(Bit/s),0.2777777777777778
834,مگابیتبرساعت(Mb/h),بیتبرثانیه(Bit/s),277.77777777777777
835,گیگابیتبرساعت(Gb/h),بیتبرثانیه(Bit/s),277777.77777777775
836,ترابیتبرساعت(Tb/h),بیتبرثانیه(Bit/s),277777777.7777778
837,بایتبرساعت(Byte/h),بیتبرثانیه(Bit/s),0.0022222222222222222
838,کیلوبایتبرساعت(kB/h),بیتبرثانیه(Bit/s),2.2222222222222223
839,مگابایتبرساعت(MB/h),بیتبرثانیه(Bit/s),2222.222222222222
840,گیگابایتبرساعت(GB/h),بیتبرثانیه(Bit/s),2222222.222222222
841,ترابایتبرساعت(TB/h),بیتبرثانیه(Bit/s),2222222222.2222223
842,یوتا(Y),یوتا(Y),1.0
843,زتا(Z),یوتا(Y),0.001
844,اگزا(E),یوتا(Y),1e-06
845,پتا(P),یوتا(Y),1e-09
846,ترا(T),یوتا(Y),1e-12
847,گیگا(G),یوتا(Y),1e-15
848,مگا(M),یوتا(Y),1e-18
849,کیلو(k),یوتا(Y),1e-21
850,هکتو(h),یوتا(Y),1e-22
851,دکا(da),یوتا(Y),1e-23
852,یونی(u),یوتا(Y),1e-24
853,دسی(d),یوتا(Y),1e-25
854,سانتی(c),یوتا(Y),1e-26
855,میلی(m),یوتا(Y),1e-27
856,میکرو(μ),یوتا(Y),1e-30
857,نانو(n),یوتا(Y),1e-33
858,پیکو(p),یوتا(Y),1e-36
859,فمتو(f),یوتا(Y),1e-39
860,آتو(a),یوتا(Y),1e-42
861,زپتو(z),یوتا(Y),1e-45
862,یوکتو(y),یوتا(Y),1e-48
